{
   "display":{
      "description":{
         "text":"Obtain all cat heads",
         "color":"white"
      },
      "title":{
         "text":"Nine Lives, None Left",
         "color":"white"
      },
      "icon":{
         "id":"salmon",
		 "tag":0
      },
      "frame":"challenge"
   },
   "criteria":{
      "cat_siamese":{
         "trigger":"minecraft:impossible"
      },
      "cat_allBack":{
         "trigger":"minecraft:impossible"
      },
      "cat_british_shortHair":{
         "trigger":"minecraft:impossible"
      },
      "cat_ragdoll":{
         "trigger":"minecraft:impossible"
      },
      "cat_persian":{
         "trigger":"minecraft:impossible"
      },
      "cat_jellie":{
         "trigger":"minecraft:impossible"
      },
      "cat_calico":{
         "trigger":"minecraft:impossible"
      },
      "cat_white":{
         "trigger":"minecraft:impossible"
      },
      "cat_tabby":{
         "trigger":"minecraft:impossible"
      },
      "cat_black":{
         "trigger":"minecraft:impossible"
      },
      "cat_red":{
         "trigger":"minecraft:impossible"
      },
      "ocelot":{
         "trigger":"minecraft:impossible"
      }
   },
   "rewards":{

   },
   "requirements":[
      [
         "cat_siamese"
      ],
      [
         "cat_allBack"
      ],
      [
         "cat_british_shortHair"
      ],
      [
         "cat_ragdoll"
      ],
      [
         "cat_persian"
      ],
      [
         "cat_jellie"
      ],
      [
         "cat_calico"
      ],
      [
         "cat_white"
      ],
      [
         "cat_tabby"
      ],
      [
         "cat_black"
      ],
      [
         "cat_red"
      ],
      [
         "ocelot"
      ]
   ],
   "filename":16,
   "parent-count":3,
   "parent-type":"parent",
   "parent":"mobheads:firstmobhead"
}