{
  "display": {
    "description": {
      "text": "Obtain the Wardens Head!",
      "color": "white"
    },
    "title": {
      "text": "Silenced the Darkness",
      "color": "white"
    },
    "icon": {
      "id": "sculk_shrieker",
      "tag": 0
    },
    "frame": "challenge"
  },
  "criteria": {
    "warden": {
      "trigger": "minecraft:impossible"
    }

  },
  "rewards": {},
  "requirements": [
    [
      "warden"
    ]
  ],
  "filename": 25,
  "parent-count": 3,
  "parent-type": "parent",
  "parent": "mobheads:firstmobhead"
}