{
	"display": {
		"description": {
			"text": "Obtain all llama heads",
			"color": "white"
		},
		"title": {
			"text": "Watch out! They spit!",
			"color": "white"
		},
		"icon": {
			"id": "water_bucket",
			"tag": 0
		},
		"frame": "challenge"
	},
	"criteria": {
		"white_llama": {
			"trigger": "minecraft:impossible"
		},
		"gray_llama": {
			"trigger": "minecraft:impossible"
		},
		"creamy_llama": {
			"trigger": "minecraft:impossible"
		},
		"brown_llama": {
			"trigger": "minecraft:impossible"
		}
	},
	"rewards": {},
	"requirements": [
		["white_llama"],
		["gray_llama"],
		["creamy_llama"],
		["brown_llama"]
	],
	"filename": 13,
	"parent-count": 3,
	"parent-type": "parent",
	"parent": "mobheads:firstmobhead"
}