{
  "display": {
    "description": {
      "text": "Obtain all nether dimension mob heads",
      "color": "white"
    },
    "title": {
      "text": "Nether dimension conquered!",
      "color": "white"
    },
    "icon": {
      "id": "magma_cream",
      "tag": 0
    },
    "frame": "challenge"
  },
  "criteria": {
    "zombie_pigman": {
      "trigger": "minecraft:impossible"
    },
    "ghast": {
      "trigger": "minecraft:impossible"
    },
    "blaze": {
      "trigger": "minecraft:impossible"
    },
    "piglin": {
      "trigger": "minecraft:impossible"
    },
    "piglin_brute": {
      "trigger": "minecraft:impossible"
    },
    "zoglin": {
      "trigger": "minecraft:impossible"
    },
    "hoglin": {
      "trigger": "minecraft:impossible"
    },
    "strider_hot": {
      "trigger": "minecraft:impossible"
    },
    "strider_cold": {
      "trigger": "minecraft:impossible"
    },
    "magma_cube": {
      "trigger": "minecraft:impossible"
    }
  },
  "rewards": {},
  "requirements": [
    [
      "zombie_pigman"
    ],
    [
      "hoglin"
    ],
    [
      "piglin"
    ],
    [
      "piglin_brute"
    ],
    [
      "zoglin"
    ],
    [
      "strider_hot"
    ],
    [
      "strider_cold"
    ],
    [
      "ghast"
    ],
    [
      "blaze"
    ],
    [
      "magma_cube"
    ]
  ],
  "filename": 10,
  "parent-count": 3,
  "parent-type": "parent",
  "parent": "mobheads:firstmobhead"
}