{
  "display": {
    "description": {
      "text": "Obtain all sheep heads",
      "color": "white"
    },
    "title": {
      "text": "Raising the baa!",
      "color": "white"
    },
    "icon": {
      "id": "white_wool",
      "tag": 0
    },
    "frame": "challenge"
  },
  "criteria": {
    "black_sheep": {
      "trigger": "minecraft:impossible"
    },
    "blue_sheep": {
      "trigger": "minecraft:impossible"
    },
    "brown_sheep": {
      "trigger": "minecraft:impossible"
    },
    "cyan_sheep": {
      "trigger": "minecraft:impossible"
    },
    "gray_sheep": {
      "trigger": "minecraft:impossible"
    },
    "green_sheep": {
      "trigger": "minecraft:impossible"
    },
    "light_blue_sheep": {
      "trigger": "minecraft:impossible"
    },
    "lime_sheep": {
      "trigger": "minecraft:impossible"
    },
    "magenta_sheep": {
      "trigger": "minecraft:impossible"
    },
    "orange_sheep": {
      "trigger": "minecraft:impossible"
    },
    "pink_sheep": {
      "trigger": "minecraft:impossible"
    },
    "purple_sheep": {
      "trigger": "minecraft:impossible"
    },
    "rainbow_sheep": {
      "trigger": "minecraft:impossible"
    },
    "red_sheep": {
      "trigger": "minecraft:impossible"
    },
    "light_gray_sheep": {
      "trigger": "minecraft:impossible"
    },
    "white_sheep": {
      "trigger": "minecraft:impossible"
    },
    "yellow_sheep": {
      "trigger": "minecraft:impossible"
    }
  },
  "rewards": {},
  "requirements": [
    [
      "black_sheep"
    ],
    [
      "blue_sheep"
    ],
    [
      "brown_sheep"
    ],
    [
      "cyan_sheep"
    ],
    [
      "gray_sheep"
    ],
    [
      "green_sheep"
    ],
    [
      "light_blue_sheep"
    ],
    [
      "lime_sheep"
    ],
    [
      "magenta_sheep"
    ],
    [
      "orange_sheep"
    ],
    [
      "pink_sheep"
    ],
    [
      "purple_sheep"
    ],
    [
      "rainbow_sheep"
    ],
    [
      "red_sheep"
    ],
    [
      "light_gray_sheep"
    ],
    [
      "white_sheep"
    ],
    [
      "yellow_sheep"
    ]
  ],
  "filename": 17,
  "parent-count": 3,
  "parent-type": "parent",
  "parent": "mobheads:firstmobhead"
}