{  
   "display":{  
      "description":{  
         "text":"Obtain all swamp mob heads",
         "color":"white"
      },
      "title":{  
         "text":"Get Out Of My Swamp!",
         "color":"white"
      },
      "icon":{  
         "id":"mangrove_propagule",
         "tag":0
      },
      "frame":"challenge"
   },
   "criteria":{
      "coldfroghead":{  
         "trigger":"minecraft:impossible"
      },
      "coldfroggy":{  
         "trigger":"minecraft:impossible"
      },
      "warmfroghead":{  
         "trigger":"minecraft:impossible"
      },
      "warmfroggy":{  
         "trigger":"minecraft:impossible"
      },
      "temperatefroghead":{  
         "trigger":"minecraft:impossible"
      },
      "temperatefroggy":{  
         "trigger":"minecraft:impossible"
      },
      "slime":{  
         "trigger":"minecraft:impossible"
      },
      "bogged":{  
         "trigger":"minecraft:impossible"
      },
      "tadpole":{  
         "trigger":"minecraft:impossible"
      }
   },
   "rewards":{  

   },
   "requirements":[  
      [  
         "coldfroghead"
      ],
      [  
         "coldfroggy"
      ],
      [ 
         "warmfroghead"
      ],
      [  
         "warmfroggy"
      ],
      [  
         "temperatefroghead"
      ],
      [  
         "temperatefroggy"
      ],
      [ 
         "slime"
      ],
      [  
         "bogged"
      ],
      [
         "tadpole"
      ]
   ],
   "filename":22,
   "parent-count":3,
   "parent-type":"parent",
   "parent":"mobheads:firstmobhead"
}