{
  "display": {
    "description": {
      "text": "Collect every single [naturally spawning] mob head in the game",
      "color": "white"
    },
    "title": {
      "text": "The Grand Collection",
      "color": "white"
    },
    "icon": {
      "id": "dragon_head",
      "tag": 0
    },
    "frame": "challenge"
  },
  "criteria": {
    "allay": {
      "trigger": "minecraft:impossible"
    },
    "Blue_Axolotl": {
      "trigger": "minecraft:impossible"
    },
    "Wild_Axolotl": {
      "trigger": "minecraft:impossible"
    },
    "Gold_Axolotl": {
      "trigger": "minecraft:impossible"
    },
    "Cyan_Axolotl": {
      "trigger": "minecraft:impossible"
    },
    "Lucy_Axolotl": {
      "trigger": "minecraft:impossible"
    },
    "goat_head1": {
      "trigger": "minecraft:impossible"
    },
    "screaming_goat_head1": {
      "trigger": "minecraft:impossible"
    },
    "bat": {
      "trigger": "minecraft:impossible"
    },
    "bee": {
      "trigger": "minecraft:impossible"
    },
    "blaze": {
      "trigger": "minecraft:impossible"
    },
    "cave_spider": {
      "trigger": "minecraft:impossible"
    },
    "temperate_chicken": {
      "trigger": "minecraft:impossible"
    },
    "cold_chicken": {
      "trigger": "minecraft:impossible"
    },
    "warm_chicken": {
      "trigger": "minecraft:impossible"
    },
    "camel": {
      "trigger": "minecraft:impossible"
    },
    "cod": {
      "trigger": "minecraft:impossible"
    },
    "temperate_cow": {
      "trigger": "minecraft:impossible"
    },
    "cold_cow": {
      "trigger": "minecraft:impossible"
    },
    "warm_cow": {
      "trigger": "minecraft:impossible"
    },
    "coldfroghead": {
      "trigger": "minecraft:impossible"
    },
    "coldfroggy": {
      "trigger": "minecraft:impossible"
    },
    "charged_creeper": {
      "trigger": "minecraft:impossible"
    },
    "dolphin": {
      "trigger": "minecraft:impossible"
    },
    "donkey": {
      "trigger": "minecraft:impossible"
    },
    "drowned": {
      "trigger": "minecraft:impossible"
    },
    "elder_guardian": {
      "trigger": "minecraft:impossible"
    },
    "enderman": {
      "trigger": "minecraft:impossible"
    },
    "endermite": {
      "trigger": "minecraft:impossible"
    },
    "evoker": {
      "trigger": "minecraft:impossible"
    },
    "ghast": {
      "trigger": "minecraft:impossible"
    },
    "glowsquidhead1": {
      "trigger": "minecraft:impossible"
    },
    "babyglowsquid": {
      "trigger": "minecraft:impossible"
    },
    "babysquid": {
      "trigger": "minecraft:impossible"
    },
    "guardian": {
      "trigger": "minecraft:impossible"
    },
    "hoglin": {
      "trigger": "minecraft:impossible"
    },
    "black_horse": {
      "trigger": "minecraft:impossible"
    },
    "brown_horse": {
      "trigger": "minecraft:impossible"
    },
    "chestnut_horse": {
      "trigger": "minecraft:impossible"
    },
    "creamy_horse": {
      "trigger": "minecraft:impossible"
    },
    "dark_brown_horse": {
      "trigger": "minecraft:impossible"
    },
    "gray_horse": {
      "trigger": "minecraft:impossible"
    },
    "warmfroghead": {
      "trigger": "minecraft:impossible"
    },
    "warmfroggy": {
      "trigger": "minecraft:impossible"
    },
    "white_horse": {
      "trigger": "minecraft:impossible"
    },
    "skeleton_horse": {
      "trigger": "minecraft:impossible"
    },
    "husk": {
      "trigger": "minecraft:impossible"
    },
    "iron_golem": {
      "trigger": "minecraft:impossible"
    },
    "brown_llama": {
      "trigger": "minecraft:impossible"
    },
    "creamy_llama": {
      "trigger": "minecraft:impossible"
    },
    "gray_llama": {
      "trigger": "minecraft:impossible"
    },
    "white_llama": {
      "trigger": "minecraft:impossible"
    },
    "magma_cube": {
      "trigger": "minecraft:impossible"
    },
    "mooshroom": {
      "trigger": "minecraft:impossible"
    },
    "mule": {
      "trigger": "minecraft:impossible"
    },
    "ocelot": {
      "trigger": "minecraft:impossible"
    },
    "blue_parrot": {
      "trigger": "minecraft:impossible"
    },
    "cyan_parrot": {
      "trigger": "minecraft:impossible"
    },
    "gray_parrot": {
      "trigger": "minecraft:impossible"
    },
    "green_parrot": {
      "trigger": "minecraft:impossible"
    },
    "red_parrot": {
      "trigger": "minecraft:impossible"
    },
    "phantom": {
      "trigger": "minecraft:impossible"
    },
    "temperate_pig": {
      "trigger": "minecraft:impossible"
    },
    "cold_pig": {
      "trigger": "minecraft:impossible"
    },
    "warm_pig": {
      "trigger": "minecraft:impossible"
    },
    "creaking": {
      "trigger": "minecraft:impossible"
    },
    "happy_ghast": {
      "trigger": "minecraft:impossible"
    },
    "piglin": {
      "trigger": "minecraft:impossible"
    },
    "piglin_brute": {
      "trigger": "minecraft:impossible"
    },
    "polar_bear": {
      "trigger": "minecraft:impossible"
    },
    "black_rabbit": {
      "trigger": "minecraft:impossible"
    },
    "black_and_white_rabbit": {
      "trigger": "minecraft:impossible"
    },
    "brown_rabbit": {
      "trigger": "minecraft:impossible"
    },
    "gold_rabbit": {
      "trigger": "minecraft:impossible"
    },
    "salt_and_pepper_rabbit": {
      "trigger": "minecraft:impossible"
    },
    "toast_rabbit": {
      "trigger": "minecraft:impossible"
    },
    "white_rabbit": {
      "trigger": "minecraft:impossible"
    },
    "black_sheep": {
      "trigger": "minecraft:impossible"
    },
    "blue_sheep": {
      "trigger": "minecraft:impossible"
    },
    "brown_sheep": {
      "trigger": "minecraft:impossible"
    },
    "cyan_sheep": {
      "trigger": "minecraft:impossible"
    },
    "gray_sheep": {
      "trigger": "minecraft:impossible"
    },
    "green_sheep": {
      "trigger": "minecraft:impossible"
    },
    "light_blue_sheep": {
      "trigger": "minecraft:impossible"
    },
    "lime_sheep": {
      "trigger": "minecraft:impossible"
    },
    "magenta_sheep": {
      "trigger": "minecraft:impossible"
    },
    "orange_sheep": {
      "trigger": "minecraft:impossible"
    },
    "pink_sheep": {
      "trigger": "minecraft:impossible"
    },
    "purple_sheep": {
      "trigger": "minecraft:impossible"
    },
    "rainbow_sheep": {
      "trigger": "minecraft:impossible"
    },
    "red_sheep": {
      "trigger": "minecraft:impossible"
    },
    "light_gray_sheep": {
      "trigger": "minecraft:impossible"
    },
    "white_sheep": {
      "trigger": "minecraft:impossible"
    },
    "yellow_sheep": {
      "trigger": "minecraft:impossible"
    },
    "shulker": {
      "trigger": "minecraft:impossible"
    },
    "silverfish": {
      "trigger": "minecraft:impossible"
    },
    "slime": {
      "trigger": "minecraft:impossible"
    },
    "sniffer": {
      "trigger": "minecraft:impossible"
    },
    "snow_golem": {
      "trigger": "minecraft:impossible"
    },
    "spider": {
      "trigger": "minecraft:impossible"
    },
    "squidhead1": {
      "trigger": "minecraft:impossible"
    },
    "stray": {
      "trigger": "minecraft:impossible"
    },
    "tadpole": {
      "trigger": "minecraft:impossible"
    },
    "temperatefroghead": {
      "trigger": "minecraft:impossible"
    },
    "temperatefroggy": {
      "trigger": "minecraft:impossible"
    },
    "turtle": {
      "trigger": "minecraft:impossible"
    },
    "vex": {
      "trigger": "minecraft:impossible"
    },
    "villager": {
      "trigger": "minecraft:impossible"
    },
    "villager_armorer": {
      "trigger": "minecraft:impossible"
    },
    "villager_butcher": {
      "trigger": "minecraft:impossible"
    },
    "villager_cartographer": {
      "trigger": "minecraft:impossible"
    },
    "villager_cleric": {
      "trigger": "minecraft:impossible"
    },
    "villager_farmer": {
      "trigger": "minecraft:impossible"
    },
    "villager_fisherman": {
      "trigger": "minecraft:impossible"
    },
    "villager_fletcher": {
      "trigger": "minecraft:impossible"
    },
    "villager_librarian": {
      "trigger": "minecraft:impossible"
    },
    "villager_shepherd": {
      "trigger": "minecraft:impossible"
    },
    "villager_weaponsmith": {
      "trigger": "minecraft:impossible"
    },
    "villager_nitwit": {
      "trigger": "minecraft:impossible"
    },
    "villager_leatherworker": {
      "trigger": "minecraft:impossible"
    },
    "villager_mason": {
      "trigger": "minecraft:impossible"
    },
    "villager_toolsmith": {
      "trigger": "minecraft:impossible"
    },
    "vindicator": {
      "trigger": "minecraft:impossible"
    },
    "witch": {
      "trigger": "minecraft:impossible"
    },
    "wild_ashen_wolf": {
      "trigger": "minecraft:impossible"
    },
    "wild_black_wolf": {
      "trigger": "minecraft:impossible"
    },
    "wild_chestnut_wolf": {
      "trigger": "minecraft:impossible"
    },
    "wild_wolf": {
      "trigger": "minecraft:impossible"
    },
    "wild_pale_wolf": {
      "trigger": "minecraft:impossible"
    },
    "wild_rusty_wolf": {
      "trigger": "minecraft:impossible"
    },
    "wild_snowy_wolf": {
      "trigger": "minecraft:impossible"
    },
    "wild_striped_wolf": {
      "trigger": "minecraft:impossible"
    },
    "wild_woods_wolf": {
      "trigger": "minecraft:impossible"
    },
    "wild_spotted_wolf": {
      "trigger": "minecraft:impossible"
    },
    "tamed_ashen_wolf": {
      "trigger": "minecraft:impossible"
    },
    "tamed_black_wolf": {
      "trigger": "minecraft:impossible"
    },
    "tamed_chestnut_wolf": {
      "trigger": "minecraft:impossible"
    },
    "tamed_wolf": {
      "trigger": "minecraft:impossible"
    },
    "tamed_pale_wolf": {
      "trigger": "minecraft:impossible"
    },
    "tamed_rusty_wolf": {
      "trigger": "minecraft:impossible"
    },
    "tamed_snowy_wolf": {
      "trigger": "minecraft:impossible"
    },
    "tamed_striped_wolf": {
      "trigger": "minecraft:impossible"
    },
    "tamed_woods_wolf": {
      "trigger": "minecraft:impossible"
    },
    "tamed_spotted_wolf": {
      "trigger": "minecraft:impossible"
    },
    "zombie_villager": {
      "trigger": "minecraft:impossible"
    },
    "zombie_pigman": {
      "trigger": "minecraft:impossible"
    },
    "zombie_butcher_villager": {
      "trigger": "minecraft:impossible"
    },
    "zombie_cleric_villager": {
      "trigger": "minecraft:impossible"
    },
    "zombie_farmer_villager": {
      "trigger": "minecraft:impossible"
    },
    "zombie_librarian_villager": {
      "trigger": "minecraft:impossible"
    },
    "zombie_nitwit_villager": {
      "trigger": "minecraft:impossible"
    },
    "zombie_toolsmith_villager": {
      "trigger": "minecraft:impossible"
    },
    "zombie_armorer_villager": {
      "trigger": "minecraft:impossible"
    },
    "zombie_cartographer_villager": {
      "trigger": "minecraft:impossible"
    },
    "zombie_fisherman_villager": {
      "trigger": "minecraft:impossible"
    },
    "zombie_fletcher_villager": {
      "trigger": "minecraft:impossible"
    },
    "zombie_leatherworker_villager": {
      "trigger": "minecraft:impossible"
    },
    "zombie_mason_villager": {
      "trigger": "minecraft:impossible"
    },
    "zombie_shepherd_villager": {
      "trigger": "minecraft:impossible"
    },
    "zombie_weaponsmith_villager": {
      "trigger": "minecraft:impossible"
    },
    "zombie": {
      "trigger": "minecraft:impossible"
    },
    "skeleton": {
      "trigger": "minecraft:impossible"
    },
    "breeze": {
      "trigger": "minecraft:impossible"
    },
    "bogged": {
      "trigger": "minecraft:impossible"
    },
    "armadillo_head1": {
      "trigger": "minecraft:impossible"
    },
    "armadillo_head2": {
      "trigger": "minecraft:impossible"
    },
    "creeper": {
      "trigger": "minecraft:impossible"
    },
    "ender_dragon": {
      "trigger": "minecraft:impossible"
    },
    "wither_1": {
      "trigger": "minecraft:impossible"
    },
    "wither_2": {
      "trigger": "minecraft:impossible"
    },
    "invulnerable_wither_1": {
      "trigger": "minecraft:impossible"
    },
    "invulnerable_wither_2": {
      "trigger": "minecraft:impossible"
    },
    "fish": {
      "trigger": "minecraft:impossible"
    },
    "salmon": {
      "trigger": "minecraft:impossible"
    },
    "pufferfish": {
      "trigger": "minecraft:impossible"
    },
    "wandering_trader": {
      "trigger": "minecraft:impossible"
    },
    "pillager": {
      "trigger": "minecraft:impossible"
    },
    "mooshroom_brown": {
      "trigger": "minecraft:impossible"
    },
    "ravager": {
      "trigger": "minecraft:impossible"
    },
    "panda_agressive": {
      "trigger": "minecraft:impossible"
    },
    "panda_brown": {
      "trigger": "minecraft:impossible"
    },
    "panda_lazy": {
      "trigger": "minecraft:impossible"
    },
    "panda_normal": {
      "trigger": "minecraft:impossible"
    },
    "panda_playful": {
      "trigger": "minecraft:impossible"
    },
    "panda_weak": {
      "trigger": "minecraft:impossible"
    },
    "panda_worried": {
      "trigger": "minecraft:impossible"
    },
    "fox": {
      "trigger": "minecraft:impossible"
    },
    "fox_snow": {
      "trigger": "minecraft:impossible"
    },
    "cat_allblack": {
      "trigger": "minecraft:impossible"
    },
    "cat_black": {
      "trigger": "minecraft:impossible"
    },
    "cat_british_shorthair": {
      "trigger": "minecraft:impossible"
    },
    "cat_calico": {
      "trigger": "minecraft:impossible"
    },
    "cat_jellie": {
      "trigger": "minecraft:impossible"
    },
    "cat_persian": {
      "trigger": "minecraft:impossible"
    },
    "cat_ragdoll": {
      "trigger": "minecraft:impossible"
    },
    "cat_red": {
      "trigger": "minecraft:impossible"
    },
    "cat_siamese": {
      "trigger": "minecraft:impossible"
    },
    "cat_tabby": {
      "trigger": "minecraft:impossible"
    },
    "cat_white": {
      "trigger": "minecraft:impossible"
    },
    "zoglin": {
      "trigger": "minecraft:impossible"
    },
    "strider_hot": {
      "trigger": "minecraft:impossible"
    },
    "strider_cold": {
      "trigger": "minecraft:impossible"
    },
    "warden": {
      "trigger": "minecraft:impossible"
    },
    "tropical_fish_1": {
      "trigger": "minecraft:impossible"
    },
    "tropical_fish_2": {
      "trigger": "minecraft:impossible"
    },
    "tropical_fish_3": {
      "trigger": "minecraft:impossible"
    },
    "tropical_fish_4": {
      "trigger": "minecraft:impossible"
    },
    "tropical_fish_5": {
      "trigger": "minecraft:impossible"
    },
    "tropical_fish_6": {
      "trigger": "minecraft:impossible"
    },
    "tropical_fish_7": {
      "trigger": "minecraft:impossible"
    },
    "tropical_fish_8": {
      "trigger": "minecraft:impossible"
    },
    "tropical_fish_9": {
      "trigger": "minecraft:impossible"
    },
    "tropical_fish_10": {
      "trigger": "minecraft:impossible"
    },
    "tropical_fish_11": {
      "trigger": "minecraft:impossible"
    },
    "tropical_fish_12": {
      "trigger": "minecraft:impossible"
    },
    "tropical_fish_13": {
      "trigger": "minecraft:impossible"
    }
  },
  "rewards": {
  },
  "requirements": [
    [
      "allay"
    ],
    [
      "bat"
    ],
    [
      "blaze"
    ],
    [
      "cave_spider"
    ],
    [
      "temperate_chicken"
    ],
    [
      "cold_chicken"
    ],
    [
      "warm_chicken"
    ],
    [
      "cod"
    ],
    [
      "goat_head1"
    ],
    [
      "screaming_goat_head1"
    ],
    [
      "temperate_cow"
    ],
    [
      "cold_cow"
    ],
    [
      "warm_cow"
    ],
    [
      "charged_creeper"
    ],
    [
      "dolphin"
    ],
    [
      "donkey"
    ],
    [
      "drowned"
    ],
    [
      "elder_guardian"
    ],
    [
      "enderman"
    ],
    [
      "endermite"
    ],
    [
      "evoker"
    ],
    [
      "ghast"
    ],
    [
      "guardian"
    ],
    [
      "black_horse"
    ],
    [
      "brown_horse"
    ],
    [
      "chestnut_horse"
    ],
    [
      "creamy_horse"
    ],
    [
      "dark_brown_horse"
    ],
    [
      "gray_horse"
    ],
    [
      "white_horse"
    ],
    [
      "skeleton_horse"
    ],
    [
      "husk"
    ],
    [
      "iron_golem"
    ],
    [
      "brown_llama"
    ],
    [
      "creamy_llama"
    ],
    [
      "gray_llama"
    ],
    [
      "white_llama"
    ],
    [
      "magma_cube"
    ],
    [
      "mooshroom"
    ],
    [
      "mule"
    ],
    [
      "ocelot"
    ],
    [
      "blue_parrot"
    ],
    [
      "cyan_parrot"
    ],
    [
      "gray_parrot"
    ],
    [
      "green_parrot"
    ],
    [
      "red_parrot"
    ],
    [
      "phantom"
    ],
    [
      "temperate_pig"
    ],
    [
      "warm_pig"
    ],
    [
      "cold_pig"
    ],
    [
      "polar_bear"
    ],
    [
      "creaking"
    ],
    [
      "happy_ghast"
    ],
    [
      "black_rabbit"
    ],
    [
      "black_and_white_rabbit"
    ],
    [
      "brown_rabbit"
    ],
    [
      "gold_rabbit"
    ],
    [
      "salt_and_pepper_rabbit"
    ],
    [
      "toast_rabbit"
    ],
    [
      "white_rabbit"
    ],
    [
      "black_sheep"
    ],
    [
      "blue_sheep"
    ],
    [
      "brown_sheep"
    ],
    [
      "cyan_sheep"
    ],
    [
      "gray_sheep"
    ],
    [
      "green_sheep"
    ],
    [
      "light_blue_sheep"
    ],
    [
      "lime_sheep"
    ],
    [
      "magenta_sheep"
    ],
    [
      "orange_sheep"
    ],
    [
      "pink_sheep"
    ],
    [
      "purple_sheep"
    ],
    [
      "rainbow_sheep"
    ],
    [
      "red_sheep"
    ],
    [
      "light_gray_sheep"
    ],
    [
      "white_sheep"
    ],
    [
      "yellow_sheep"
    ],
    [
      "shulker"
    ],
    [
      "silverfish"
    ],
    [
      "slime"
    ],
    [
      "snow_golem"
    ],
    [
      "spider"
    ],
    [
      "squidhead1"
    ],
    [
      "babysquid"
    ],
    [
      "stray"
    ],
    [
      "turtle"
    ],
    [
      "vex"
    ],
    [
      "villager"
    ],
    [
      "villager_armorer"
    ],
    [
      "villager_butcher"
    ],
    [
      "villager_cartographer"
    ],
    [
      "villager_cleric"
    ],
    [
      "villager_farmer"
    ],
    [
      "villager_fisherman"
    ],
    [
      "villager_fletcher"
    ],
    [
      "villager_librarian"
    ],
    [
      "villager_shepherd"
    ],
    [
      "villager_weaponsmith"
    ],
    [
      "villager_nitwit"
    ],
    [
      "villager_leatherworker"
    ],
    [
      "villager_mason"
    ],
    [
      "villager_toolsmith"
    ],
    [
      "vindicator"
    ],
    [
      "witch"
    ],
    [
      "wild_ashen_wolf"
    ],
    [
      "wild_black_wolf"
    ],
    [
      "wild_chestnut_wolf"
    ],
    [
      "wild_wolf"
    ],
    [
      "wild_pale_wolf"
    ],
    [
      "wild_rusty_wolf"
    ],
    [
      "wild_striped_wolf"
    ],
    [
      "wild_woods_wolf"
    ],
    [
      "wild_snowy_wolf"
    ],
    [
      "wild_spotted_wolf"
    ],
    [
      "tamed_ashen_wolf"
    ],
    [
      "tamed_black_wolf"
    ],
    [
      "tamed_chestnut_wolf"
    ],
    [
      "tamed_wolf"
    ],
    [
      "tamed_pale_wolf"
    ],
    [
      "tamed_rusty_wolf"
    ],
    [
      "tamed_striped_wolf"
    ],
    [
      "tamed_woods_wolf"
    ],
    [
      "tamed_snowy_wolf"
    ],
    [
      "tamed_spotted_wolf"
    ],
    [
      "zombie_pigman"
    ],
    [
      "zombie_villager"
    ],
    [
      "zombie_butcher_villager"
    ],
    [
      "zombie_cleric_villager"
    ],
    [
      "zombie_farmer_villager"
    ],
    [
      "zombie_librarian_villager"
    ],
    [
      "zombie_nitwit_villager"
    ],
    [
      "zombie_toolsmith_villager"
    ],
    [
      "zombie_nitwit_villager"
    ],
    [
      "zombie_armorer_villager"
    ],
    [
      "zombie_cartographer_villager"
    ],
    [
      "zombie_fisherman_villager"
    ],
    [
      "zombie_fletcher_villager"
    ],
    [
      "zombie_leatherworker_villager"
    ],
    [
      "zombie_mason_villager"
    ],
    [
      "zombie_shepherd_villager"
    ],
    [
      "zombie_weaponsmith_villager"
    ],
    [
      "zombie"
    ],
    [
      "skeleton"
    ],
    [
      "bogged"
    ],
    [
      "armadillo_head1"
    ],
    [
      "armadillo_head2"
    ],
    [
      "breeze"
    ],
    [
      "creeper"
    ],
    [
      "ender_dragon"
    ],
    [
      "wither_1"
    ],
    [
      "wither_2"
    ],
    [
      "invulnerable_wither_1"
    ],
    [
      "invulnerable_wither_2"
    ],
    [
      "fish"
    ],
    [
      "salmon"
    ],
    [
      "pufferfish"
    ],
    [
      "wandering_trader"
    ],
    [
      "pillager"
    ],
    [
      "mooshroom_brown"
    ],
    [
      "ravager"
    ],
    [
      "panda_agressive"
    ],
    [
      "panda_brown"
    ],
    [
      "panda_lazy"
    ],
    [
      "panda_normal"
    ],
    [
      "panda_playful"
    ],
    [
      "panda_weak"
    ],
    [
      "panda_worried"
    ],
    [
      "fox"
    ],
    [
      "fox_snow"
    ],
    [
      "cat_allblack"
    ],
    [
      "cat_black"
    ],
    [
      "cat_british_shorthair"
    ],
    [
      "cat_calico"
    ],
    [
      "cat_jellie"
    ],
    [
      "cat_persian"
    ],
    [
      "cat_ragdoll"
    ],
    [
      "cat_red"
    ],
    [
      "cat_siamese"
    ],
    [
      "cat_tabby"
    ],
    [
      "cat_white"
    ],
    [
      "Blue_Axolotl"
    ],
    [
      "Wild_Axolotl"
    ],
    [
      "Gold_Axolotl"
    ],
    [
      "Cyan_Axolotl"
    ],
    [
      "Lucy_Axolotl"
    ],
    [
      "camel"
    ],
    [
      "coldfroghead"
    ],
    [
      "coldfroggy"
    ],
    [
      "warmfroghead"
    ],
    [
      "warmfroggy"
    ],
    [
      "temperatefroghead"
    ],
    [
      "temperatefroggy"
    ],
    [
      "tadpole"
    ],
    [
      "glowsquidhead1"
    ],
    [
      "babyglowsquid"
    ],
    [
      "sniffer"
    ],
    [
      "bee"
    ],
    [
      "hoglin"
    ],
    [
      "piglin"
    ],
    [
      "piglin_brute"
    ],
    [
      "zoglin"
    ],
    [
      "strider_hot"
    ],
    [
      "strider_cold"
    ],
    [
      "tropical_fish_1"
    ],
    [
      "tropical_fish_2"
    ],
    [
      "tropical_fish_3"
    ],
    [
      "tropical_fish_4"
    ],
    [
      "tropical_fish_5"
    ],
    [
      "tropical_fish_6"
    ],
    [
      "tropical_fish_7"
    ],
    [
      "tropical_fish_8"
    ],
    [
      "tropical_fish_9"
    ],
    [
      "tropical_fish_10"
    ],
    [
      "tropical_fish_11"
    ],
    [
      "tropical_fish_12"
    ],
    [
      "tropical_fish_13"
    ],
    [
      "warden"
    ]
  ],
  "parent": "mobheads:root"
}